metric,label,value
test_accuracy,,0.84375
train_size,,480.0
test_size,,160.0
tree_depth,,4.0
tree_leaves,,11.0
max_depth,,4.0
min_samples_leaf,,8.0
label_count,FCFS,93.0
label_count,SSTF,535.0
label_count,SCAN,12.0
label_count,C-SCAN,0.0
feature_importance,mean_position,0.0
feature_importance,std_position,0.06011225323428264
feature_importance,request_range,0.04265938363501948
feature_importance,min_position,0.0
feature_importance,max_position,0.04158101460391153
feature_importance,mean_abs_step,0.8063343378579262
feature_importance,median_abs_step,0.0
feature_importance,increasing_ratio,0.03515529344429327
feature_importance,decreasing_ratio,0.0
feature_importance,direction_change_ratio,0.0
feature_importance,head_to_mean_distance,0.01415771722456697
