window_id,workload_type,phase,seed,predicted_scheduler,actual_best_scheduler,prediction_correct,learned_selector_movement,oracle_best_movement,mean_position,std_position,request_range,min_position,max_position,mean_abs_step,median_abs_step,increasing_ratio,decreasing_ratio,direction_change_ratio,head_to_mean_distance,FCFS_movement,SSTF_movement,SCAN_movement,C-SCAN_movement
0,uniform,none,10000,SSTF,SSTF,True,227,227,88.65,56.08500245163585,185.0,8.0,193.0,62.23076923076923,50.0,0.5384615384615384,0.4358974358974359,0.7297297297297297,38.650000000000006,2444,227,340,392
1,uniform,none,10001,SSTF,SSTF,True,247,247,102.7,55.29294710901201,198.0,1.0,199.0,66.97435897435898,58.0,0.5128205128205128,0.48717948717948717,0.6578947368421053,52.7,2651,247,347,396
2,uniform,none,10002,SSTF,SCAN,False,351,347,95.7,60.01049908141074,193.0,1.0,194.0,57.0,46.0,0.5384615384615384,0.4358974358974359,0.5945945945945946,45.7,2358,351,347,397
3,uniform,none,10003,SSTF,SSTF,True,233,233,90.775,48.3681132048791,191.0,8.0,199.0,58.333333333333336,58.0,0.5384615384615384,0.46153846153846156,0.6842105263157895,40.775000000000006,2288,233,340,397
4,uniform,none,10004,SSTF,SSTF,True,246,246,92.3,53.71927028543854,196.0,0.0,196.0,67.64102564102564,52.0,0.48717948717948717,0.5128205128205128,0.7105263157894737,42.3,2668,246,348,396
5,uniform,none,10005,SSTF,SSTF,True,340,340,83.05,52.34450783033498,195.0,0.0,195.0,66.6923076923077,62.0,0.48717948717948717,0.5128205128205128,0.6842105263157895,33.05,2618,340,348,390
6,uniform,none,10006,SSTF,SSTF,True,239,239,95.525,57.99482196713773,192.0,3.0,195.0,71.76923076923077,66.0,0.48717948717948717,0.5128205128205128,0.6578947368421053,45.525000000000006,2821,239,345,394
7,uniform,none,10007,SSTF,SSTF,True,330,330,94.4,60.39072776511308,190.0,0.0,190.0,81.6923076923077,80.0,0.46153846153846156,0.5128205128205128,0.7027027027027027,44.400000000000006,3207,330,348,392
8,uniform,none,10008,SSTF,SSTF,True,342,342,101.075,58.212278558737076,194.0,4.0,198.0,73.15384615384616,65.0,0.38461538461538464,0.6153846153846154,0.6842105263157895,51.075,2894,342,344,388
9,uniform,none,10009,SSTF,SSTF,True,243,243,101.025,54.7268158675434,196.0,3.0,199.0,73.56410256410257,74.0,0.5128205128205128,0.48717948717948717,0.6578947368421053,51.025000000000006,2978,243,345,396
10,uniform,none,10010,SSTF,SSTF,True,345,345,91.125,52.604746696472176,197.0,1.0,198.0,67.64102564102564,56.0,0.5128205128205128,0.48717948717948717,0.7631578947368421,41.125,2716,345,347,381
11,uniform,none,10011,SSTF,SSTF,True,229,229,100.875,55.5518620299986,184.0,5.0,189.0,73.43589743589743,54.0,0.5128205128205128,0.48717948717948717,0.7368421052631579,50.875,2960,229,343,394
12,uniform,none,10012,SSTF,SSTF,True,337,337,83.6,54.55492645032161,193.0,1.0,194.0,67.0,62.0,0.5897435897435898,0.41025641025641024,0.6052631578947368,33.599999999999994,2668,337,347,394
13,uniform,none,10013,SSTF,SSTF,True,340,340,104.75,54.48107469571429,191.0,8.0,199.0,66.6923076923077,60.0,0.46153846153846156,0.5384615384615384,0.7631578947368421,54.75,2644,340,340,390
14,uniform,none,10014,SSTF,SSTF,True,330,330,105.075,54.04876848735778,180.0,18.0,198.0,58.15384615384615,52.0,0.5384615384615384,0.46153846153846156,0.6052631578947368,55.075,2277,330,330,397
15,uniform,none,10015,SSTF,SSTF,True,236,236,106.15,57.167538866038306,192.0,6.0,198.0,49.41025641025641,38.0,0.5641025641025641,0.4358974358974359,0.6052631578947368,56.150000000000006,2050,236,342,395
16,uniform,none,10016,SSTF,SSTF,True,234,234,84.675,52.149011256206954,180.0,4.0,184.0,62.743589743589745,59.0,0.5384615384615384,0.46153846153846156,0.6578947368421053,34.675,2537,234,344,395
17,uniform,none,10017,SSTF,SCAN,False,339,337,90.05,54.16500253853959,187.0,11.0,198.0,64.97435897435898,62.0,0.4358974358974359,0.5641025641025641,0.7368421052631579,40.05,2672,339,337,397
18,uniform,none,10018,SSTF,SCAN,False,352,336,99.375,57.24931768152351,187.0,12.0,199.0,76.97435897435898,69.0,0.48717948717948717,0.5128205128205128,0.6842105263157895,49.375,3087,352,336,397
19,uniform,none,10019,SSTF,SSTF,True,304,304,102.175,48.989227132095074,165.0,16.0,181.0,59.87179487179487,52.0,0.4358974358974359,0.5641025641025641,0.6842105263157895,52.175,2413,304,332,397
20,uniform,none,10020,SSTF,SSTF,True,345,345,95.025,61.442447664460765,196.0,1.0,197.0,78.3076923076923,80.0,0.46153846153846156,0.5128205128205128,0.6756756756756757,45.025000000000006,3078,345,347,397
21,uniform,none,10021,SSTF,SSTF,True,239,239,92.5,57.8459160183327,191.0,2.0,193.0,62.282051282051285,44.0,0.46153846153846156,0.5384615384615384,0.5526315789473685,42.5,2450,239,346,393
22,uniform,none,10022,SSTF,SSTF,True,239,239,111.775,56.84429940636088,194.0,5.0,199.0,68.58974358974359,64.0,0.5128205128205128,0.48717948717948717,0.6578947368421053,61.775000000000006,2769,239,343,397
23,uniform,none,10023,SSTF,SSTF,True,239,239,101.55,59.26548320903155,191.0,4.0,195.0,87.43589743589743,91.0,0.5128205128205128,0.48717948717948717,0.7631578947368421,51.55,3437,239,344,396
24,uniform,none,10024,SSTF,SSTF,True,346,346,92.15,59.01887409973185,197.0,2.0,199.0,69.58974358974359,61.0,0.48717948717948717,0.5128205128205128,0.6052631578947368,42.150000000000006,2754,346,346,392
25,uniform,none,10025,SSTF,SSTF,True,340,340,89.775,54.36473466319872,191.0,6.0,197.0,68.94871794871794,59.0,0.5128205128205128,0.48717948717948717,0.7631578947368421,39.775000000000006,2740,340,342,397
26,uniform,none,10026,SSTF,SSTF,True,237,237,95.85,54.81174600393605,189.0,2.0,191.0,70.64102564102564,68.0,0.4358974358974359,0.5641025641025641,0.631578947368421,45.849999999999994,2822,237,346,391
27,uniform,none,10027,SSTF,SSTF,True,259,259,80.3,62.01782001973304,195.0,0.0,195.0,68.02564102564102,61.0,0.4358974358974359,0.5384615384615384,0.5675675675675675,30.299999999999997,2686,259,348,397
28,uniform,none,10028,SSTF,SSTF,True,335,335,91.35,58.02393902519889,189.0,1.0,190.0,65.2051282051282,55.0,0.41025641025641024,0.5897435897435898,0.6842105263157895,41.349999999999994,2546,335,347,397
29,uniform,none,10029,SSTF,SCAN,False,348,344,79.675,56.91282258858719,191.0,4.0,195.0,54.666666666666664,47.0,0.5384615384615384,0.46153846153846156,0.631578947368421,29.674999999999997,2160,348,344,394
30,uniform,none,10030,SSTF,SSTF,True,328,328,98.35,60.405525409518624,189.0,0.0,189.0,73.82051282051282,71.0,0.4358974358974359,0.5641025641025641,0.7368421052631579,48.349999999999994,2886,328,348,395
31,uniform,none,10031,SSTF,SSTF,True,240,240,97.525,60.104487145303885,191.0,1.0,192.0,72.17948717948718,70.0,0.5128205128205128,0.48717948717948717,0.6842105263157895,47.525000000000006,2836,240,347,394
32,uniform,none,10032,SSTF,SSTF,True,347,347,94.1,61.00975331862931,198.0,1.0,199.0,75.56410256410257,80.0,0.5128205128205128,0.48717948717948717,0.7105263157894737,44.099999999999994,3040,347,347,391
33,uniform,none,10033,SSTF,SSTF,True,236,236,103.9,58.58788270623884,191.0,5.0,196.0,50.205128205128204,39.0,0.41025641025641024,0.5897435897435898,0.42105263157894735,53.900000000000006,2065,236,343,397
34,uniform,none,10034,SSTF,SCAN,False,351,347,94.4,51.09491168404149,197.0,1.0,198.0,53.48717948717949,50.0,0.4358974358974359,0.5641025641025641,0.6578947368421053,44.400000000000006,2199,351,347,397
35,uniform,none,10035,SSTF,SCAN,False,358,348,104.525,55.685270718566144,198.0,0.0,198.0,73.58974358974359,72.0,0.5128205128205128,0.48717948717948717,0.7368421052631579,54.525000000000006,2914,358,348,394
36,uniform,none,10036,SSTF,SSTF,True,324,324,91.675,52.569186554482656,184.0,6.0,190.0,59.23076923076923,48.0,0.5897435897435898,0.41025641025641024,0.6578947368421053,41.675,2375,324,342,394
37,uniform,none,10037,SSTF,SSTF,True,343,343,84.45,62.277985677123496,196.0,1.0,197.0,71.66666666666667,63.0,0.48717948717948717,0.48717948717948717,0.6486486486486487,34.45,2824,343,347,390
38,uniform,none,10038,SSTF,SSTF,True,340,340,109.1,59.79038384221998,193.0,2.0,195.0,75.35897435897436,71.0,0.5128205128205128,0.48717948717948717,0.6578947368421053,59.099999999999994,2991,340,346,397
39,uniform,none,10039,SSTF,SCAN,False,353,345,105.825,60.37420289328878,196.0,3.0,199.0,80.48717948717949,89.0,0.5128205128205128,0.46153846153846156,0.7567567567567568,55.825,3150,353,345,397
40,uniform,none,10040,SSTF,SSTF,True,332,332,88.875,58.62217477200927,191.0,0.0,191.0,63.38461538461539,49.0,0.5641025641025641,0.4358974358974359,0.6578947368421053,38.875,2478,332,348,392
41,uniform,none,10041,SSTF,SSTF,True,338,338,98.25,54.9716972632281,194.0,0.0,194.0,54.56410256410256,45.0,0.5384615384615384,0.4358974358974359,0.5405405405405406,48.25,2189,338,348,377
42,uniform,none,10042,SSTF,SSTF,True,326,326,118.1,52.319116965025316,187.0,2.0,189.0,61.48717948717949,43.0,0.5384615384615384,0.46153846153846156,0.7105263157894737,68.1,2475,326,346,384
43,uniform,none,10043,SSTF,SSTF,True,342,342,88.85,62.92437921823306,195.0,2.0,197.0,68.1025641025641,53.0,0.5128205128205128,0.48717948717948717,0.5526315789473685,38.849999999999994,2700,342,346,388
44,uniform,none,10044,SSTF,SSTF,True,239,239,106.9,57.732919552019894,193.0,4.0,197.0,65.71794871794872,68.0,0.5384615384615384,0.46153846153846156,0.6578947368421053,56.900000000000006,2586,239,344,392
45,uniform,none,10045,SSTF,SCAN,False,347,341,98.0,61.3070142805862,192.0,7.0,199.0,95.61538461538461,100.0,0.5128205128205128,0.48717948717948717,0.8157894736842105,48.0,3735,347,341,397
46,uniform,none,10046,SSTF,SSTF,True,341,341,88.7,59.9425558347323,192.0,7.0,199.0,62.41025641025641,52.0,0.4358974358974359,0.5384615384615384,0.6756756756756757,38.7,2491,341,341,394
47,uniform,none,10047,SSTF,SSTF,True,217,217,80.35,50.66041353956756,173.0,8.0,181.0,61.794871794871796,61.0,0.4358974358974359,0.5641025641025641,0.7105263157894737,30.349999999999994,2446,217,340,393
48,uniform,none,10048,SSTF,SSTF,True,348,348,112.275,57.088960184960456,196.0,0.0,196.0,62.333333333333336,59.0,0.48717948717948717,0.5128205128205128,0.631578947368421,62.275000000000006,2567,348,348,395
49,uniform,none,10049,SSTF,SSTF,True,342,342,98.25,57.059508410080085,193.0,4.0,197.0,68.3076923076923,66.0,0.5641025641025641,0.4358974358974359,0.7105263157894737,48.25,2670,342,344,397
50,localized,none,11000,SSTF,SSTF,True,124,124,149.45,14.855891087376751,56.0,118.0,174.0,17.564102564102566,15.0,0.46153846153846156,0.5128205128205128,0.7297297297297297,99.44999999999999,798,124,149,149
51,localized,none,11001,SSTF,SSTF,True,83,83,99.85,10.951141493013411,49.0,84.0,133.0,13.025641025641026,9.0,0.5128205128205128,0.4358974358974359,0.7222222222222222,49.849999999999994,555,83,149,149
52,localized,none,11002,SSTF,SSTF,True,105,105,137.5,7.622335600063802,31.0,124.0,155.0,8.205128205128204,7.0,0.5128205128205128,0.46153846153846156,0.7567567567567568,87.5,395,105,149,149
53,localized,none,11003,SSTF,SSTF,True,119,119,153.725,8.111681391672136,35.0,134.0,169.0,7.794871794871795,5.0,0.38461538461538464,0.6153846153846154,0.6052631578947368,103.725,409,119,149,149
54,localized,none,11004,SSTF,SSTF,True,123,123,160.15,6.706526671832448,27.0,146.0,173.0,8.23076923076923,9.0,0.5128205128205128,0.48717948717948717,0.5789473684210527,110.15,438,123,149,149
55,localized,none,11005,SSTF,SSTF,True,59,59,56.7,7.1909665553387185,33.0,37.0,70.0,9.538461538461538,9.0,0.5128205128205128,0.48717948717948717,0.7368421052631579,6.700000000000003,384,59,311,397
56,localized,none,11006,SSTF,SSTF,True,135,135,169.7,10.543244282477762,48.0,137.0,185.0,10.871794871794872,10.0,0.41025641025641024,0.5384615384615384,0.6944444444444444,119.69999999999999,543,135,149,149
57,localized,none,11007,SSTF,SSTF,True,103,103,66.9,11.54296322440646,55.0,37.0,92.0,13.307692307692308,12.0,0.48717948717948717,0.5128205128205128,0.7105263157894737,16.900000000000006,524,103,311,397
58,localized,none,11008,SSTF,SSTF,True,72,72,106.925,8.477580728014331,39.0,83.0,122.0,10.153846153846153,8.0,0.46153846153846156,0.5128205128205128,0.5945945945945946,56.925,450,72,149,149
59,localized,none,11009,SSTF,SSTF,True,92,92,127.125,5.692923238548013,25.0,117.0,142.0,6.641025641025641,5.0,0.38461538461538464,0.5384615384615384,0.5714285714285714,77.125,335,92,149,149
60,localized,none,11010,SSTF,SSTF,True,111,111,141.2,7.284229540589725,34.0,127.0,161.0,7.6923076923076925,5.0,0.5128205128205128,0.4358974358974359,0.6666666666666666,91.19999999999999,411,111,149,149
61,localized,none,11011,SSTF,SSTF,True,128,128,146.6,13.453252394867198,57.0,121.0,178.0,14.615384615384615,10.0,0.41025641025641024,0.5897435897435898,0.5526315789473685,96.6,661,128,149,149
62,localized,none,11012,SSTF,SSTF,True,109,109,144.975,8.07925584444508,39.0,120.0,159.0,9.051282051282051,8.0,0.46153846153846156,0.5384615384615384,0.5789473684210527,94.975,458,109,149,149
63,localized,none,11013,SSTF,SSTF,True,39,39,38.675,7.792263791736006,34.0,21.0,55.0,8.384615384615385,6.0,0.6153846153846154,0.358974358974359,0.5945945945945946,11.325000000000003,345,39,327,395
64,localized,none,11014,SSTF,SSTF,True,114,114,54.85,10.937435714096793,60.0,20.0,80.0,10.64102564102564,8.0,0.5641025641025641,0.4358974358974359,0.631578947368421,4.850000000000001,423,114,328,397
65,localized,none,11015,SSTF,SSTF,True,118,118,140.925,12.004972927916166,46.0,122.0,168.0,13.871794871794872,13.0,0.5128205128205128,0.46153846153846156,0.6216216216216216,90.92500000000001,646,118,149,149
66,localized,none,11016,SSTF,SSTF,True,43,43,62.075,6.7170957265770745,35.0,42.0,77.0,7.512820512820513,6.0,0.5128205128205128,0.46153846153846156,0.6756756756756757,12.075000000000003,301,43,306,395
67,localized,none,11017,SSTF,SSTF,True,67,67,92.65,11.183805255815214,48.0,69.0,117.0,13.282051282051283,12.0,0.46153846153846156,0.5128205128205128,0.8108108108108109,42.650000000000006,561,67,149,149
68,localized,none,11018,SSTF,SSTF,True,58,58,56.675,8.201790962954371,36.0,36.0,72.0,9.538461538461538,8.0,0.6410256410256411,0.358974358974359,0.5789473684210527,6.674999999999997,377,58,312,396
69,localized,none,11019,SSTF,SSTF,True,84,84,114.35,8.592293058316855,33.0,101.0,134.0,9.0,7.0,0.4358974358974359,0.48717948717948717,0.6857142857142857,64.35,428,84,149,149
70,localized,none,11020,SSTF,SSTF,True,118,118,60.625,10.976537477729487,68.0,26.0,94.0,11.76923076923077,9.0,0.4358974358974359,0.5384615384615384,0.6486486486486487,10.625,460,118,322,397
71,localized,none,11021,SSTF,SSTF,True,70,70,81.35,13.916806386524174,66.0,46.0,112.0,13.512820512820513,10.0,0.5128205128205128,0.4358974358974359,0.5833333333333334,31.349999999999994,548,70,302,394
72,localized,none,11022,SSTF,SSTF,True,131,131,150.325,12.865433338990181,58.0,123.0,181.0,17.53846153846154,17.0,0.46153846153846156,0.5384615384615384,0.7631578947368421,100.32499999999999,791,131,149,149
73,localized,none,11023,SSTF,SSTF,True,75,75,86.05,13.525808663440424,73.0,52.0,125.0,15.128205128205128,12.0,0.48717948717948717,0.46153846153846156,0.5833333333333334,36.05,627,75,149,149
74,localized,none,11024,SSTF,SSTF,True,65,65,62.65,12.72507367365706,51.0,38.0,89.0,14.948717948717949,12.0,0.46153846153846156,0.5384615384615384,0.631578947368421,12.649999999999999,609,65,310,396
75,localized,none,11025,SSTF,SSTF,True,70,70,57.8,12.833939379629314,52.0,32.0,84.0,14.41025641025641,11.0,0.38461538461538464,0.5384615384615384,0.6,7.799999999999997,574,70,316,397
76,localized,none,11026,SSTF,SSTF,True,91,91,41.075,13.735697106444944,67.0,7.0,74.0,15.41025641025641,14.0,0.48717948717948717,0.48717948717948717,0.6486486486486487,8.924999999999997,613,91,341,396
77,localized,none,11027,SSTF,SSTF,True,88,88,52.65,12.051037299751421,58.0,20.0,78.0,11.615384615384615,10.0,0.5128205128205128,0.48717948717948717,0.5789473684210527,2.6499999999999986,468,88,328,397
78,localized,none,11028,SSTF,SSTF,True,143,143,162.75,14.322621966665182,58.0,135.0,193.0,18.307692307692307,18.0,0.5384615384615384,0.4358974358974359,0.6756756756756757,112.75,805,143,149,149
79,localized,none,11029,SSTF,SSTF,True,74,74,102.7,11.093241185514717,44.0,80.0,124.0,14.153846153846153,11.0,0.5128205128205128,0.48717948717948717,0.7894736842105263,52.7,594,74,149,149
80,localized,none,11030,SSTF,SSTF,True,149,149,165.75,16.70591212714828,66.0,133.0,199.0,20.897435897435898,19.0,0.48717948717948717,0.48717948717948717,0.7567567567567568,115.75,910,149,149,149
81,localized,none,11031,SSTF,SSTF,True,137,137,163.725,11.346778177086216,45.0,142.0,187.0,14.205128205128204,14.0,0.5128205128205128,0.46153846153846156,0.6216216216216216,113.725,679,137,149,149
82,localized,none,11032,SSTF,SSTF,True,60,60,87.95,11.175755008052029,52.0,58.0,110.0,13.564102564102564,12.0,0.5384615384615384,0.4358974358974359,0.7567567567567568,37.95,562,60,149,149
83,localized,none,11033,SSTF,SSTF,True,58,58,63.975,13.123428477345392,51.0,43.0,94.0,14.0,15.0,0.48717948717948717,0.46153846153846156,0.7222222222222222,13.975000000000001,551,58,305,397
84,localized,none,11034,SSTF,SSTF,True,97,97,66.825,11.55830329243873,54.0,39.0,93.0,12.23076923076923,10.0,0.38461538461538464,0.5897435897435898,0.5945945945945946,16.825000000000003,494,97,309,394
85,localized,none,11035,SSTF,SSTF,True,72,72,94.425,11.162185045948664,51.0,71.0,122.0,11.871794871794872,8.0,0.46153846153846156,0.5128205128205128,0.5945945945945946,44.425,491,72,149,149
86,localized,none,11036,SSTF,SSTF,True,54,54,42.05,6.870043667983486,31.0,27.0,58.0,8.41025641025641,8.0,0.41025641025641024,0.48717948717948717,0.8235294117647058,7.950000000000003,333,54,321,397
87,localized,none,11037,SSTF,SSTF,True,57,57,90.275,7.981188821222061,36.0,71.0,107.0,8.35897435897436,8.0,0.4358974358974359,0.5384615384615384,0.6486486486486487,40.275000000000006,377,57,149,149
88,localized,none,11038,SSTF,SSTF,True,110,110,135.0,11.519548602267365,45.0,115.0,160.0,13.820512820512821,12.0,0.48717948717948717,0.48717948717948717,0.7027027027027027,85.0,615,110,149,149
89,localized,none,11039,SSTF,SSTF,True,118,118,137.8,13.910787181177058,68.0,100.0,168.0,15.76923076923077,12.0,0.5128205128205128,0.48717948717948717,0.631578947368421,87.80000000000001,712,118,149,149
90,localized,none,11040,SSTF,SSTF,True,99,99,113.925,14.071935723275601,59.0,90.0,149.0,15.794871794871796,14.0,0.5641025641025641,0.41025641025641024,0.6216216216216216,63.925,707,99,149,149
91,localized,none,11041,SSTF,SSTF,True,52,52,57.975,8.995797630004802,41.0,39.0,80.0,11.23076923076923,9.0,0.48717948717948717,0.46153846153846156,0.7222222222222222,7.975000000000001,444,52,309,397
92,localized,none,11042,SSTF,SSTF,True,126,126,159.95,7.526453348025217,28.0,148.0,176.0,7.205128205128205,5.0,0.5384615384615384,0.38461538461538464,0.6857142857142857,109.94999999999999,381,126,149,149
93,localized,none,11043,SSTF,SSTF,True,32,32,63.925,7.390492202823842,32.0,50.0,82.0,8.35897435897436,6.0,0.46153846153846156,0.5128205128205128,0.6486486486486487,13.924999999999997,332,32,149,149
94,localized,none,11044,SSTF,SSTF,True,110,110,136.55,13.886954309710967,53.0,107.0,160.0,14.666666666666666,10.0,0.46153846153846156,0.48717948717948717,0.6666666666666666,86.55000000000001,672,110,149,149
95,localized,none,11045,SSTF,SSTF,True,98,98,120.225,11.9655495068133,52.0,96.0,148.0,13.76923076923077,12.0,0.48717948717948717,0.5128205128205128,0.6578947368421053,70.225,604,98,149,149
96,localized,none,11046,SSTF,SSTF,True,149,149,168.4,12.34463446198388,51.0,148.0,199.0,11.564102564102564,7.0,0.46153846153846156,0.48717948717948717,0.5555555555555556,118.4,578,149,149,149
97,localized,none,11047,SSTF,SSTF,True,76,76,64.475,8.455730305538369,41.0,44.0,85.0,8.820512820512821,7.0,0.46153846153846156,0.5384615384615384,0.7105263157894737,14.474999999999994,362,76,304,393
98,localized,none,11048,SSTF,SSTF,True,138,138,158.025,10.610107209637421,49.0,139.0,188.0,12.461538461538462,11.0,0.5384615384615384,0.4358974358974359,0.7837837837837838,108.025,599,138,149,149
99,localized,none,11049,SSTF,SSTF,True,63,63,104.8,4.915282290977803,19.0,94.0,113.0,5.769230769230769,6.0,0.5128205128205128,0.4358974358974359,0.6666666666666666,54.8,278,63,149,149
100,directional,none,12000,FCFS,FCFS,True,226,226,95.075,53.022819379961305,180.0,4.0,184.0,4.615384615384615,5.0,0.9743589743589743,0.0,0.0,45.075,226,226,344,393
101,directional,none,12001,FCFS,SSTF,False,168,158,104.925,40.85424549541944,142.0,34.0,176.0,3.8974358974358974,4.0,0.8717948717948718,0.07692307692307693,0.16666666666666666,54.925,168,158,314,397
102,directional,none,12002,SSTF,SSTF,True,139,139,98.425,36.83333239064856,125.0,36.0,161.0,3.41025641025641,3.0,0.8717948717948718,0.05128205128205128,0.11428571428571428,48.425,147,139,312,397
103,directional,none,12003,SSTF,FCFS,False,291,206,86.675,48.31117236209446,161.0,7.0,168.0,4.17948717948718,4.0,0.8717948717948718,0.02564102564102564,0.058823529411764705,36.675,206,291,341,396
104,directional,none,12004,FCFS,SSTF,False,204,200,94.55,48.10558699361229,163.0,13.0,176.0,4.282051282051282,4.0,0.9487179487179487,0.02564102564102564,0.05405405405405406,44.55,204,200,335,394
105,directional,none,12005,SSTF,SSTF,True,218,218,89.425,50.777892581319286,171.0,5.0,176.0,4.589743589743589,4.0,0.8717948717948718,0.10256410256410256,0.21621621621621623,39.425,224,218,343,395
106,directional,none,12006,FCFS,FCFS,True,207,207,110.175,52.05760631262255,176.0,23.0,199.0,4.615384615384615,5.0,0.9230769230769231,0.02564102564102564,0.05555555555555555,60.175,207,331,325,397
107,directional,none,12007,FCFS,FCFS,True,207,207,104.525,51.49902304898608,174.0,17.0,191.0,4.461538461538462,5.0,0.9230769230769231,0.0,0.0,54.525000000000006,207,315,331,391
108,directional,none,12008,SSTF,FCFS,False,260,169,94.95,42.705942209486494,141.0,26.0,167.0,3.717948717948718,3.0,0.8974358974358975,0.02564102564102564,0.05714285714285714,44.95,169,260,322,397
109,directional,none,12009,SSTF,SSTF,True,187,187,100.675,47.24001878704114,157.0,20.0,177.0,4.282051282051282,4.0,0.8461538461538461,0.05128205128205128,0.11764705882352941,50.675,197,187,328,395
110,directional,none,12010,SSTF,FCFS,False,256,157,103.25,39.73458820725339,135.0,36.0,171.0,3.6666666666666665,3.0,0.8461538461538461,0.07692307692307693,0.17142857142857143,53.25,157,256,312,394
111,directional,none,12011,SSTF,SSTF,True,154,154,97.425,39.92673759525063,134.0,30.0,164.0,3.58974358974359,4.0,0.8717948717948718,0.07692307692307693,0.16666666666666666,47.425,160,154,318,396
112,directional,none,12012,SSTF,SSTF,True,188,188,109.75,49.4589476232562,166.0,28.0,194.0,4.717948717948718,5.0,0.8461538461538461,0.1282051282051282,0.2702702702702703,59.75,206,188,320,395
113,directional,none,12013,SSTF,SSTF,True,200,200,84.35,45.87294954545653,156.0,6.0,162.0,4.410256410256411,4.0,0.8461538461538461,0.10256410256410256,0.2222222222222222,34.349999999999994,216,200,342,392
114,directional,none,12014,FCFS,SSTF,False,173,168,111.75,45.0542728273357,151.0,37.0,188.0,4.102564102564102,4.0,0.8461538461538461,0.07692307692307693,0.14285714285714285,61.75,173,168,311,394
115,directional,none,12015,FCFS,SSTF,False,209,201,88.85,48.19157083972259,160.0,9.0,169.0,4.3076923076923075,4.0,0.9487179487179487,0.02564102564102564,0.05405405405405406,38.849999999999994,209,201,339,396
116,directional,none,12016,SSTF,SSTF,True,136,136,99.975,36.53251120577396,123.0,37.0,160.0,3.230769230769231,3.0,0.8461538461538461,0.05128205128205128,0.029411764705882353,49.974999999999994,139,136,311,397
117,directional,none,12017,FCFS,SSTF,False,189,187,98.55,46.45801868353836,157.0,20.0,177.0,4.076923076923077,4.0,0.9230769230769231,0.02564102564102564,0.05555555555555555,48.55,189,187,328,397
118,directional,none,12018,FCFS,SSTF,False,205,195,101.95,48.72984198619979,164.0,19.0,183.0,4.461538461538462,4.0,0.9230769230769231,0.07692307692307693,0.15789473684210525,51.95,205,195,329,396
119,directional,none,12019,FCFS,SSTF,False,215,211,89.975,48.046065135451,168.0,7.0,175.0,4.410256410256411,4.0,0.9487179487179487,0.02564102564102564,0.05405405405405406,39.974999999999994,215,211,341,397
120,directional,none,12020,SSTF,SSTF,True,166,166,98.25,41.820300094571294,143.0,27.0,170.0,3.769230769230769,4.0,0.8717948717948718,0.05128205128205128,0.11428571428571428,48.25,170,166,321,396
121,directional,none,12021,SSTF,SSTF,True,187,187,88.0,43.43270657004926,150.0,13.0,163.0,4.512820512820513,4.0,0.7948717948717948,0.15384615384615385,0.3055555555555556,38.0,209,187,335,395
122,directional,none,12022,SSTF,FCFS,False,242,157,97.625,38.43610769836092,129.0,34.0,163.0,3.6153846153846154,4.0,0.8461538461538461,0.05128205128205128,0.11764705882352941,47.625,157,242,314,392
123,directional,none,12023,FCFS,SSTF,False,228,224,96.65,52.99507052547435,180.0,6.0,186.0,4.717948717948718,6.0,0.9487179487179487,0.05128205128205128,0.10526315789473684,46.650000000000006,228,224,342,395
124,directional,none,12024,FCFS,FCFS,True,186,186,99.075,45.82160380213682,155.0,20.0,175.0,4.0,4.0,0.9230769230769231,0.02564102564102564,0.027777777777777776,49.075,186,189,328,392
125,directional,none,12025,FCFS,FCFS,True,173,173,105.075,44.02918776221065,148.0,33.0,181.0,4.0,3.0,0.8974358974358975,0.05128205128205128,0.1111111111111111,55.075,173,281,315,397
126,directional,none,12026,FCFS,FCFS,True,217,217,103.125,53.493545171356885,179.0,14.0,193.0,4.641025641025641,4.0,0.9743589743589743,0.02564102564102564,0.05263157894736842,53.125,217,322,334,393
127,directional,none,12027,SSTF,SSTF,True,146,146,102.9,40.03236190883571,130.0,38.0,168.0,3.58974358974359,3.0,0.8461538461538461,0.07692307692307693,0.14285714285714285,52.900000000000006,152,146,310,397
128,directional,none,12028,FCFS,SSTF,False,169,161,101.475,41.07979278185322,137.0,32.0,169.0,3.871794871794872,4.0,0.8461538461538461,0.10256410256410256,0.2222222222222222,51.474999999999994,169,161,316,394
129,directional,none,12029,SSTF,FCFS,False,282,211,86.625,48.3558101472822,163.0,6.0,169.0,4.282051282051282,4.0,0.8717948717948718,0.02564102564102564,0.058823529411764705,36.625,211,282,342,392
130,directional,none,12030,FCFS,FCFS,True,194,194,97.5,44.934952987624236,157.0,17.0,174.0,4.128205128205129,4.0,0.9230769230769231,0.02564102564102564,0.05555555555555555,47.5,194,281,331,392
131,directional,none,12031,FCFS,SSTF,False,191,173,98.6,44.83793037150578,147.0,24.0,171.0,4.230769230769231,5.0,0.7948717948717948,0.1794871794871795,0.3783783783783784,48.599999999999994,191,173,324,396
132,directional,none,12032,SSTF,FCFS,False,314,209,103.7,50.88870208602298,173.0,16.0,189.0,4.487179487179487,5.0,0.8974358974358975,0.02564102564102564,0.05714285714285714,53.7,209,314,332,397
133,directional,none,12033,SSTF,SSTF,True,196,196,107.6,49.83964285586325,170.0,24.0,194.0,4.461538461538462,4.0,0.8974358974358975,0.05128205128205128,0.1111111111111111,57.599999999999994,200,196,324,397
134,directional,none,12034,SSTF,FCFS,False,270,208,84.45,46.54296402250291,156.0,8.0,164.0,4.256410256410256,4.0,0.8461538461538461,0.07692307692307693,0.17142857142857143,34.45,208,270,340,394
135,directional,none,12035,SSTF,FCFS,False,280,184,100.45,44.124228038573094,152.0,24.0,176.0,4.051282051282051,3.0,0.8974358974358975,0.02564102564102564,0.05714285714285714,50.45,184,280,324,397
136,directional,none,12036,SSTF,FCFS,False,257,150,102.025,39.646870935800216,133.0,39.0,172.0,3.5641025641025643,3.0,0.7948717948717948,0.07692307692307693,0.18181818181818182,52.025000000000006,150,257,309,397
137,directional,none,12037,SSTF,SSTF,True,211,211,95.3,51.32893920587099,170.0,9.0,179.0,4.564102564102564,4.0,0.8974358974358975,0.05128205128205128,0.1111111111111111,45.3,219,211,339,396
138,directional,none,12038,SSTF,SSTF,True,196,196,94.525,46.70759440390824,160.0,14.0,174.0,4.410256410256411,4.0,0.8461538461538461,0.07692307692307693,0.17142857142857143,44.525000000000006,208,196,334,396
139,directional,none,12039,SSTF,FCFS,False,248,154,101.15,38.92335417201349,130.0,36.0,166.0,3.6153846153846154,4.0,0.8717948717948718,0.07692307692307693,0.1388888888888889,51.150000000000006,154,248,312,397
140,directional,none,12040,FCFS,SSTF,False,196,192,108.325,50.2391219568973,167.0,25.0,192.0,4.384615384615385,4.0,0.9487179487179487,0.02564102564102564,0.05405405405405406,58.325,196,192,323,395
141,directional,none,12041,SSTF,FCFS,False,315,222,97.525,52.18907332957733,175.0,11.0,186.0,4.743589743589744,5.0,0.8461538461538461,0.10256410256410256,0.19444444444444445,47.525000000000006,222,315,337,396
142,directional,none,12042,FCFS,FCFS,True,237,237,103.525,55.9312021594387,193.0,6.0,199.0,4.948717948717949,5.0,0.9487179487179487,0.0,0.0,53.525000000000006,237,241,342,393
143,directional,none,12043,FCFS,FCFS,True,209,209,83.175,46.07704824530321,154.0,7.0,161.0,4.256410256410256,4.0,0.8461538461538461,0.10256410256410256,0.2222222222222222,33.175,209,271,341,397
144,directional,none,12044,FCFS,FCFS,True,190,190,99.9,48.49835048741349,161.0,21.0,182.0,4.128205128205129,4.0,0.9230769230769231,0.0,0.0,49.900000000000006,190,190,327,394
145,directional,none,12045,FCFS,FCFS,True,185,185,99.525,45.02887268186935,153.0,24.0,177.0,4.076923076923077,4.0,0.8974358974358975,0.05128205128205128,0.1111111111111111,49.525000000000006,185,280,324,393
146,directional,none,12046,FCFS,SSTF,False,189,177,92.3,42.81074631444773,141.0,22.0,163.0,4.128205128205129,4.0,0.7948717948717948,0.15384615384615385,0.3333333333333333,42.3,189,177,326,395
147,directional,none,12047,SSTF,FCFS,False,245,163,94.225,39.665783428542035,132.0,29.0,161.0,3.641025641025641,4.0,0.8974358974358975,0.07692307692307693,0.13513513513513514,44.224999999999994,163,245,319,397
148,directional,none,12048,FCFS,FCFS,True,172,172,103.775,43.11060629357931,145.0,31.0,176.0,3.923076923076923,4.0,0.8717948717948718,0.05128205128205128,0.11428571428571428,53.775000000000006,172,271,317,394
149,directional,none,12049,FCFS,FCFS,True,235,235,95.075,56.45856334516492,187.0,2.0,189.0,4.82051282051282,5.0,0.9743589743589743,0.02564102564102564,0.02631578947368421,45.075,235,235,346,396
150,bursty,none,13000,SSTF,SSTF,True,300,300,109.525,53.89758227416143,152.0,46.0,198.0,14.025641025641026,8.0,0.48717948717948717,0.5128205128205128,0.5526315789473685,59.525000000000006,556,300,302,396
151,bursty,none,13001,SSTF,SSTF,True,228,228,89.875,47.50483528021121,133.0,29.0,162.0,13.487179487179487,8.0,0.6153846153846154,0.3333333333333333,0.6111111111111112,39.875,541,228,319,395
152,bursty,none,13002,SSTF,SSTF,True,177,177,109.35,60.14713210120662,163.0,36.0,199.0,14.538461538461538,9.0,0.4358974358974359,0.5128205128205128,0.6944444444444444,59.349999999999994,575,177,312,395
153,bursty,none,13003,SSTF,SSTF,True,215,215,109.975,51.70468426554794,164.0,33.0,197.0,15.76923076923077,13.0,0.5384615384615384,0.46153846153846156,0.6842105263157895,59.974999999999994,629,215,315,397
154,bursty,none,13004,SSTF,SSTF,True,228,228,105.35,64.12899110386815,183.0,5.0,188.0,17.564102564102566,12.0,0.4358974358974359,0.5384615384615384,0.6486486486486487,55.349999999999994,805,228,343,381
155,bursty,none,13005,SSTF,SSTF,True,237,237,99.925,64.22748146237714,190.0,3.0,193.0,18.615384615384617,8.0,0.46153846153846156,0.5128205128205128,0.6216216216216216,49.925,751,237,345,396
156,bursty,none,13006,SSTF,SSTF,True,160,160,83.35,46.01497039008066,133.0,23.0,156.0,11.923076923076923,6.0,0.5384615384615384,0.41025641025641024,0.6666666666666666,33.349999999999994,488,160,325,390
157,bursty,none,13007,SSTF,SSTF,True,229,229,100.025,64.83343562545487,189.0,10.0,199.0,17.333333333333332,8.0,0.4358974358974359,0.5384615384615384,0.7567567567567568,50.025000000000006,710,229,338,393
158,bursty,none,13008,SSTF,SSTF,True,164,164,104.275,41.774386590349835,146.0,32.0,178.0,13.025641025641026,8.0,0.48717948717948717,0.5128205128205128,0.631578947368421,54.275000000000006,557,164,316,397
159,bursty,none,13009,SSTF,SSTF,True,169,169,110.825,48.16320561382932,137.0,46.0,183.0,11.846153846153847,9.0,0.41025641025641024,0.5384615384615384,0.5555555555555556,60.825,522,169,302,394
160,bursty,none,13010,SSTF,SSTF,True,177,177,101.825,49.05909064587317,144.0,33.0,177.0,11.871794871794872,7.0,0.358974358974359,0.5384615384615384,0.6764705882352942,51.825,497,177,315,396
161,bursty,none,13011,SSTF,SSTF,True,311,311,99.2,65.50007633583338,188.0,11.0,199.0,17.46153846153846,8.0,0.48717948717948717,0.46153846153846156,0.5,49.2,695,311,337,384
162,bursty,none,13012,SSTF,SSTF,True,155,155,91.2,43.74311374376543,129.0,24.0,153.0,11.948717948717949,9.0,0.4358974358974359,0.5384615384615384,0.5945945945945946,41.2,518,155,324,396
163,bursty,none,13013,SSTF,SCAN,False,351,348,95.425,71.66724757516505,195.0,0.0,195.0,16.94871794871795,7.0,0.5128205128205128,0.4358974358974359,0.7777777777777778,45.425,702,351,348,372
164,bursty,none,13014,SSTF,SSTF,True,219,219,105.125,55.71812429542115,179.0,10.0,189.0,16.794871794871796,13.0,0.46153846153846156,0.5128205128205128,0.6486486486486487,55.125,664,219,338,396
165,bursty,none,13015,SSTF,SSTF,True,182,182,94.45,47.75926611663961,143.0,11.0,154.0,10.025641025641026,6.0,0.3333333333333333,0.5897435897435898,0.5142857142857142,44.45,446,182,337,394
166,bursty,none,13016,SSTF,SSTF,True,244,244,95.025,46.92519978646868,132.0,28.0,160.0,11.794871794871796,7.0,0.41025641025641024,0.5641025641025641,0.7297297297297297,45.025000000000006,567,244,320,397
167,bursty,none,13017,SSTF,SSTF,True,190,190,84.4,52.96923635469932,150.0,10.0,160.0,10.820512820512821,5.0,0.5128205128205128,0.46153846153846156,0.7567567567567568,34.400000000000006,451,190,338,382
168,bursty,none,13018,SSTF,SSTF,True,153,153,104.575,55.92802852774269,151.0,48.0,199.0,13.435897435897436,8.0,0.5641025641025641,0.4358974358974359,0.6052631578947368,54.575,542,153,300,397
169,bursty,none,13019,SSTF,SSTF,True,146,146,103.675,39.86501442367731,127.0,31.0,158.0,10.41025641025641,7.0,0.46153846153846156,0.48717948717948717,0.6666666666666666,53.675,425,146,317,394
170,bursty,none,13020,SSTF,SSTF,True,191,191,89.8,51.364481891672966,153.0,12.0,165.0,15.333333333333334,9.0,0.5128205128205128,0.46153846153846156,0.6486486486486487,39.8,683,191,336,383
171,bursty,none,13021,SSTF,SSTF,True,223,223,89.05,57.15284332384523,178.0,5.0,183.0,13.384615384615385,7.0,0.4358974358974359,0.5128205128205128,0.6666666666666666,39.05,617,223,343,381
172,bursty,none,13022,SSTF,SSTF,True,203,203,113.375,57.70904933370502,176.0,23.0,199.0,16.794871794871796,12.0,0.5384615384615384,0.4358974358974359,0.5945945945945946,63.375,674,203,325,397
173,bursty,none,13023,SSTF,SSTF,True,208,208,92.35,52.821184197251775,160.0,2.0,162.0,14.564102564102564,11.0,0.48717948717948717,0.48717948717948717,0.7027027027027027,42.349999999999994,680,208,346,394
174,bursty,none,13024,SSTF,SSTF,True,239,239,106.525,70.10456030102463,192.0,3.0,195.0,16.794871794871796,10.0,0.5128205128205128,0.4358974358974359,0.75,56.525000000000006,779,239,345,367
175,bursty,none,13025,SSTF,SSTF,True,197,197,96.025,52.61154222221584,136.0,45.0,181.0,7.897435897435898,5.0,0.5641025641025641,0.41025641025641024,0.6756756756756757,46.025000000000006,310,197,303,396
176,bursty,none,13026,SSTF,SSTF,True,194,194,97.125,55.83600428934721,162.0,18.0,180.0,13.35897435897436,6.0,0.48717948717948717,0.46153846153846156,0.5,47.125,563,194,330,393
177,bursty,none,13027,SSTF,SSTF,True,261,261,109.25,44.69270074631874,136.0,39.0,175.0,13.794871794871796,8.0,0.5128205128205128,0.46153846153846156,0.6756756756756757,59.25,651,261,309,396
178,bursty,none,13028,SSTF,SSTF,True,192,192,87.775,54.16017332874776,161.0,19.0,180.0,14.897435897435898,7.0,0.48717948717948717,0.46153846153846156,0.6944444444444444,37.775000000000006,583,192,329,396
179,bursty,none,13029,SSTF,SSTF,True,142,142,93.325,42.33697408885052,126.0,34.0,160.0,13.35897435897436,9.0,0.41025641025641024,0.48717948717948717,0.7352941176470589,43.325,609,142,314,397
180,bursty,none,13030,SSTF,SSTF,True,190,190,102.95,54.879390484953454,156.0,16.0,172.0,16.53846153846154,9.0,0.48717948717948717,0.5128205128205128,0.5263157894736842,52.95,731,190,332,382
181,bursty,none,13031,SSTF,SSTF,True,214,214,100.9,62.80079617329704,174.0,10.0,184.0,13.564102564102564,8.0,0.5128205128205128,0.46153846153846156,0.6756756756756757,50.900000000000006,577,214,338,378
182,bursty,none,13032,SSTF,SSTF,True,231,231,81.35,47.408095300275455,135.0,11.0,146.0,14.897435897435898,10.0,0.41025641025641024,0.5384615384615384,0.7222222222222222,31.349999999999994,620,231,337,383
183,bursty,none,13033,SSTF,SSTF,True,213,213,101.275,58.41317809364596,176.0,13.0,189.0,14.153846153846153,9.0,0.41025641025641024,0.5641025641025641,0.6756756756756757,51.275000000000006,691,213,335,396
184,bursty,none,13034,SSTF,SSTF,True,174,174,107.425,42.76382086530622,129.0,37.0,166.0,11.923076923076923,7.0,0.5128205128205128,0.358974358974359,0.696969696969697,57.425,525,174,311,394
185,bursty,none,13035,SSTF,SSTF,True,216,216,108.825,64.8659723969355,178.0,12.0,190.0,11.102564102564102,8.0,0.41025641025641024,0.48717948717948717,0.7352941176470589,58.825,572,216,336,382
186,bursty,none,13036,SSTF,SSTF,True,248,248,98.325,68.21854128460971,198.0,0.0,198.0,19.53846153846154,12.0,0.5128205128205128,0.48717948717948717,0.6578947368421053,48.325,907,248,348,367
187,bursty,none,13037,SSTF,SSTF,True,187,187,101.675,57.26228579964303,167.0,30.0,197.0,10.76923076923077,5.0,0.5128205128205128,0.4358974358974359,0.7777777777777778,51.675,432,187,318,394
188,bursty,none,13038,SSTF,SSTF,True,187,187,98.575,56.89283236928884,162.0,25.0,187.0,12.23076923076923,8.0,0.46153846153846156,0.48717948717948717,0.6944444444444444,48.575,595,187,323,397
189,bursty,none,13039,SSTF,SSTF,True,192,192,114.525,44.58362227320701,130.0,36.0,166.0,12.923076923076923,6.0,0.38461538461538464,0.5897435897435898,0.7027027027027027,64.525,613,192,312,393
190,bursty,none,13040,SSTF,SSTF,True,169,169,113.5,46.80224353596737,138.0,41.0,179.0,12.820512820512821,7.0,0.5641025641025641,0.4358974358974359,0.6842105263157895,63.5,607,169,307,397
191,bursty,none,13041,SSTF,SSTF,True,200,200,85.55,55.58189903196904,157.0,7.0,164.0,12.179487179487179,6.0,0.48717948717948717,0.46153846153846156,0.5277777777777778,35.55,513,200,341,391
192,bursty,none,13042,SSTF,SSTF,True,258,258,86.775,52.65761459656144,150.0,8.0,158.0,15.64102564102564,9.0,0.5128205128205128,0.46153846153846156,0.6486486486486487,36.775000000000006,688,258,340,374
193,bursty,none,13043,SSTF,SSTF,True,171,171,99.35,50.079212254187865,153.0,32.0,185.0,14.948717948717949,10.0,0.5128205128205128,0.4358974358974359,0.6388888888888888,49.349999999999994,695,171,316,397
194,bursty,none,13044,SSTF,SSTF,True,194,194,83.95,45.270823937719534,146.0,2.0,148.0,17.487179487179485,14.0,0.5128205128205128,0.46153846153846156,0.7027027027027027,33.95,697,194,346,395
195,bursty,none,13045,SSTF,SSTF,True,213,213,90.375,56.21284884259114,169.0,6.0,175.0,13.487179487179487,11.0,0.5641025641025641,0.38461538461538464,0.6666666666666666,40.375,564,213,342,372
196,bursty,none,13046,SSTF,SSTF,True,165,165,100.825,52.41893145610658,149.0,36.0,185.0,12.282051282051283,7.0,0.5128205128205128,0.38461538461538464,0.7941176470588235,50.825,517,165,312,395
197,bursty,none,13047,SSTF,SSTF,True,189,189,94.125,50.28875992704533,155.0,16.0,171.0,11.564102564102564,8.0,0.48717948717948717,0.46153846153846156,0.6666666666666666,44.125,456,189,332,396
198,bursty,none,13048,SSTF,SSTF,True,282,282,83.6,60.93882178053658,166.0,0.0,166.0,15.205128205128204,10.0,0.5128205128205128,0.48717948717948717,0.7368421052631579,33.599999999999994,708,282,348,375
199,bursty,none,13049,SSTF,SSTF,True,165,165,90.0,48.16430213342658,131.0,16.0,147.0,13.128205128205128,10.0,0.5384615384615384,0.4358974358974359,0.6756756756756757,40.0,542,165,332,387
