workload_type,method,mean_total_movement,std_total_movement,min_total_movement,max_total_movement,window_count
bursty,C-SCAN,389.74,8.86361514673261,367,397,50
bursty,FCFS,600.8,110.54909335139898,310,907,50
bursty,Learned selector,206.86,43.02017087414711,142,351,50
bursty,Oracle best,206.8,42.81664753483683,142,348,50
bursty,SCAN,327.54,14.367210400557154,300,348,50
bursty,SSTF,206.86,43.02017087414711,142,351,50
directional,C-SCAN,395.16,1.7883979833747259,391,397,50
directional,FCFS,192.22,25.301681802615736,139,237,50
directional,Learned selector,211.16,42.21729986822068,136,315,50
directional,Oracle best,187.98,25.457840298286524,136,237,50
directional,SCAN,327.48,11.106607704149708,309,346,50
directional,SSTF,225.28,52.84055338121141,136,331,50
localized,C-SCAN,232.98,118.19639312152792,149,397,50
localized,FCFS,524.24,145.70834161545636,278,910,50
localized,Learned selector,93.32,31.42755842523292,32,149,50
localized,Oracle best,93.32,31.42755842523292,32,149,50
localized,SCAN,205.58,79.86777082357143,149,341,50
localized,SSTF,93.32,31.42755842523292,32,149,50
uniform,C-SCAN,393.62,4.246919652008049,377,397,50
uniform,FCFS,2680.2,338.0464887725186,2050,3735,50
uniform,Learned selector,303.26,50.61290067053768,217,358,50
uniform,Oracle best,302.18,49.637744854956054,217,348,50
uniform,SCAN,344.18,4.064229223810277,330,348,50
uniform,SSTF,303.26,50.61290067053768,217,358,50
