window_id,phase,workload_type,seed,predicted_scheduler,actual_best_scheduler,prediction_correct,learned_selector_movement,oracle_best_movement,mean_position,std_position,request_range,min_position,max_position,mean_abs_step,median_abs_step,increasing_ratio,decreasing_ratio,direction_change_ratio,head_to_mean_distance,FCFS_movement,SSTF_movement,SCAN_movement,C-SCAN_movement
0,phase_1_directional,directional,30000,FCFS,FCFS,True,169,169,103.325,40.20471831763034,137.0,34.0,171.0,3.923076923076923,4.0,0.8461538461538461,0.10256410256410256,0.2222222222222222,53.325,169,258,314,393
1,phase_1_directional,directional,30001,SSTF,SSTF,True,174,174,101.95,42.663772688312505,151.0,27.0,178.0,3.9743589743589745,3.0,0.9487179487179487,0.02564102564102564,0.05405405405405406,51.95,178,174,321,397
2,phase_1_directional,directional,30002,SSTF,FCFS,False,266,156,103.575,41.81500179361469,140.0,36.0,176.0,3.641025641025641,4.0,0.8717948717948718,0.02564102564102564,0.058823529411764705,53.575,156,266,312,391
3,phase_1_directional,directional,30003,FCFS,FCFS,True,239,239,98.875,56.762305934484374,189.0,4.0,193.0,4.948717948717949,5.0,0.9487179487179487,0.05128205128205128,0.10526315789473684,48.875,239,332,344,395
4,phase_1_directional,directional,30004,FCFS,SSTF,False,207,201,86.55,47.79066331408259,159.0,8.0,167.0,4.230769230769231,4.0,0.9487179487179487,0.05128205128205128,0.10526315789473684,36.55,207,201,340,396
5,phase_1_directional,directional,30005,FCFS,SSTF,False,176,174,95.975,44.770798239477486,148.0,24.0,172.0,3.8974358974358974,4.0,0.8717948717948718,0.05128205128205128,0.08571428571428572,45.974999999999994,176,174,324,395
6,phase_1_directional,directional,30006,FCFS,SSTF,False,206,202,82.5,46.565008321700105,155.0,3.0,158.0,4.076923076923077,4.0,0.9230769230769231,0.02564102564102564,0.05555555555555555,32.5,206,202,345,397
7,phase_1_directional,directional,30007,SSTF,FCFS,False,286,165,110.15,44.30888737036849,149.0,38.0,187.0,3.923076923076923,4.0,0.8974358974358975,0.05128205128205128,0.1111111111111111,60.150000000000006,165,286,310,394
8,phase_1_directional,directional,30008,SSTF,SSTF,True,207,207,107.15,51.92376623474072,175.0,18.0,193.0,4.6923076923076925,5.0,0.8974358974358975,0.05128205128205128,0.1111111111111111,57.150000000000006,215,207,330,396
9,phase_1_directional,directional,30009,FCFS,FCFS,True,193,193,92.525,44.65589966622551,151.0,18.0,169.0,4.128205128205129,4.0,0.8461538461538461,0.07692307692307693,0.17142857142857143,42.525000000000006,193,270,330,391
10,phase_1_directional,directional,30010,FCFS,SSTF,False,229,223,95.575,52.68296095513235,178.0,5.0,183.0,4.717948717948718,4.0,0.9230769230769231,0.05128205128205128,0.10810810810810811,45.575,229,223,343,395
11,phase_1_directional,directional,30011,FCFS,SSTF,False,222,216,87.225,49.37432910936614,168.0,2.0,170.0,4.461538461538462,4.0,0.9487179487179487,0.02564102564102564,0.05405405405405406,37.224999999999994,222,216,346,397
12,phase_2_uniform,uniform,31000,SSTF,SSTF,True,317,317,111.15,53.798954450806946,169.0,23.0,192.0,81.0,82.0,0.48717948717948717,0.5128205128205128,0.7631578947368421,61.150000000000006,3226,317,325,396
13,phase_2_uniform,uniform,31001,SSTF,SSTF,True,340,340,97.25,62.27027782176662,192.0,2.0,194.0,78.25641025641026,69.0,0.48717948717948717,0.5128205128205128,0.7894736842105263,47.25,3055,340,346,396
14,phase_2_uniform,uniform,31002,SSTF,SSTF,True,339,339,99.075,54.041829863541814,192.0,1.0,193.0,64.94871794871794,56.0,0.48717948717948717,0.5128205128205128,0.7631578947368421,49.075,2602,339,347,396
15,phase_2_uniform,uniform,31003,SSTF,SSTF,True,242,242,107.7,56.44298007724255,192.0,2.0,194.0,72.0,71.0,0.5128205128205128,0.48717948717948717,0.6578947368421053,57.7,2924,242,346,388
16,phase_2_uniform,uniform,31004,SSTF,SSTF,True,342,342,102.425,57.73512254252172,191.0,4.0,195.0,69.23076923076923,65.0,0.48717948717948717,0.5128205128205128,0.6842105263157895,52.425,2826,342,344,396
17,phase_2_uniform,uniform,31005,SSTF,SSTF,True,209,209,113.9,50.838371335045736,179.0,20.0,199.0,58.76923076923077,57.0,0.48717948717948717,0.48717948717948717,0.7027027027027027,63.900000000000006,2430,209,328,394
18,phase_2_uniform,uniform,31006,SSTF,SSTF,True,245,245,106.425,56.6885735841007,194.0,5.0,199.0,62.02564102564103,53.0,0.5897435897435898,0.41025641025641024,0.7368421052631579,56.425,2464,245,343,397
19,phase_2_uniform,uniform,31007,SSTF,SSTF,True,338,338,96.325,57.93374987863292,194.0,0.0,194.0,59.69230769230769,54.0,0.46153846153846156,0.5128205128205128,0.5405405405405406,46.325,2459,338,348,385
20,phase_2_uniform,uniform,31008,SSTF,SSTF,True,226,226,105.3,58.00741331933359,187.0,11.0,198.0,85.05128205128206,71.0,0.5384615384615384,0.46153846153846156,0.6842105263157895,55.3,3356,226,337,395
21,phase_2_uniform,uniform,31009,SSTF,SCAN,False,364,346,89.8,46.444698298083495,192.0,2.0,194.0,54.333333333333336,47.0,0.48717948717948717,0.5128205128205128,0.7105263157894737,39.8,2123,364,346,396
22,phase_2_uniform,uniform,31010,SSTF,SSTF,True,244,244,85.675,46.77038993850703,194.0,0.0,194.0,59.64102564102564,59.0,0.48717948717948717,0.5128205128205128,0.6052631578947368,35.675,2334,244,348,397
23,phase_2_uniform,uniform,31011,SSTF,SSTF,True,245,245,84.35,58.48826805437138,197.0,2.0,199.0,73.74358974358974,74.0,0.48717948717948717,0.5128205128205128,0.7105263157894737,34.349999999999994,3003,245,346,395
